GROUP,PACKAGE,CLASS,INSTRUCTION_MISSED,INSTRUCTION_COVERED,BRANCH_MISSED,BRANCH_COVERED,LINE_MISSED,LINE_COVERED,COMPLEXITY_MISSED,COMPLEXITY_COVERED,METHOD_MISSED,METHOD_COVERED
projetos,ifsc.edu.projetos.login.service,CustomUserDetailsService,6,30,0,0,0,9,1,2,1,2
projetos,ifsc.edu.projetos.login.service,AuthService,0,45,0,2,0,10,0,4,0,3
projetos,ifsc.edu.projetos.accountcreation.exceptions,GlobalExceptionHandler,100,58,0,0,15,7,6,4,6,4
projetos,ifsc.edu.projetos.services,ProjetoService,18,103,2,6,4,26,4,6,2,4
projetos,ifsc.edu.projetos.config,WebConfig,0,31,0,0,0,7,0,2,0,2
projetos,ifsc.edu.projetos.accountcreation.entity,User,0,31,0,0,0,13,0,9,0,9
projetos,ifsc.edu.projetos.login.exceptions,AuthException,0,4,0,0,0,2,0,1,0,1
projetos,ifsc.edu.projetos.dtos,ProjetoRespostaDTO,9,24,0,0,3,9,3,3,3,3
projetos,ifsc.edu.projetos.login.dtos,AuthUserResponseDTO,7,9,0,0,4,4,2,2,2,2
projetos,ifsc.edu.projetos.login.dtos,AuthUserRequestDTO,0,17,0,0,0,7,0,5,0,5
projetos,ifsc.edu.projetos.controllers,ProjetoController,46,18,0,0,8,5,4,2,4,2
projetos,ifsc.edu.projetos.controllers,TratadorRotaInvalida,32,3,0,0,6,1,1,1,1,1
projetos,ifsc.edu.projetos.controllers,ConfiguracaoController,63,3,0,0,14,1,3,1,3,1
projetos,ifsc.edu.projetos.login.controller,ControllerAuth,5,27,0,0,1,7,1,3,1,3
projetos,ifsc.edu.projetos.accountcreation.service,UserService,48,53,6,2,11,14,6,4,3,3
projetos,ifsc.edu.projetos.accountcreation.securityconfig,Config,0,7,0,0,0,2,0,2,0,2
projetos,ifsc.edu.projetos.login.security,Authorization,0,242,0,0,0,36,0,11,0,11
projetos,ifsc.edu.projetos.login.security,JwtUtil,0,79,1,3,0,25,1,6,0,5
projetos,ifsc.edu.projetos.login.security,JwtAuthenticationFilter,0,80,4,6,0,24,4,3,0,2
projetos,ifsc.edu.projetos,ProjetosApplication,5,3,0,0,2,1,1,1,1,1
projetos,ifsc.edu.projetos.accountcreation.controller,AccountController,70,43,6,4,15,11,6,4,3,2
