grupo,arquivo,linhas_totais,comentarios,linhas_em_branco,ncloc
Backend (Java),src/backend/projetos/src/main/java/ifsc/edu/projetos/ProjetosApplication.java,13,0,4,9
Backend (Java),src/backend/projetos/src/main/java/ifsc/edu/projetos/accountcreation/controller/AccountController.java,83,2,17,64
Backend (Java),src/backend/projetos/src/main/java/ifsc/edu/projetos/accountcreation/dtos/CreateUserRequest.java,22,0,5,17
Backend (Java),src/backend/projetos/src/main/java/ifsc/edu/projetos/accountcreation/dtos/UserSummaryResponse.java,14,0,3,11
Backend (Java),src/backend/projetos/src/main/java/ifsc/edu/projetos/accountcreation/entity/User.java,50,0,13,37
Backend (Java),src/backend/projetos/src/main/java/ifsc/edu/projetos/accountcreation/exceptions/GlobalExceptionHandler.java,87,0,20,67
Backend (Java),src/backend/projetos/src/main/java/ifsc/edu/projetos/accountcreation/exceptions/ResponseErro.java,19,0,7,12
Backend (Java),src/backend/projetos/src/main/java/ifsc/edu/projetos/accountcreation/repository/UserRepository.java,25,3,9,13
Backend (Java),src/backend/projetos/src/main/java/ifsc/edu/projetos/accountcreation/securityconfig/Config.java,15,0,3,12
Backend (Java),src/backend/projetos/src/main/java/ifsc/edu/projetos/accountcreation/service/UserService.java,65,0,13,52
Backend (Java),src/backend/projetos/src/main/java/ifsc/edu/projetos/config/WebConfig.java,42,18,9,15
Backend (Java),src/backend/projetos/src/main/java/ifsc/edu/projetos/controllers/ConfiguracaoController.java,43,3,6,34
Backend (Java),src/backend/projetos/src/main/java/ifsc/edu/projetos/controllers/ProjetoController.java,62,2,15,45
Backend (Java),src/backend/projetos/src/main/java/ifsc/edu/projetos/controllers/TratadorRotaInvalida.java,25,0,4,21
Backend (Java),src/backend/projetos/src/main/java/ifsc/edu/projetos/dtos/Projeto.java,28,0,6,22
Backend (Java),src/backend/projetos/src/main/java/ifsc/edu/projetos/dtos/ProjetoRespostaDTO.java,25,0,4,21
Backend (Java),src/backend/projetos/src/main/java/ifsc/edu/projetos/login/controller/ControllerAuth.java,43,0,8,35
Backend (Java),src/backend/projetos/src/main/java/ifsc/edu/projetos/login/dtos/AuthUserRequestDTO.java,32,0,8,24
Backend (Java),src/backend/projetos/src/main/java/ifsc/edu/projetos/login/dtos/AuthUserResponseDTO.java,21,0,6,15
Backend (Java),src/backend/projetos/src/main/java/ifsc/edu/projetos/login/exceptions/AuthException.java,7,0,1,6
Backend (Java),src/backend/projetos/src/main/java/ifsc/edu/projetos/login/security/Authorization.java,83,0,10,73
Backend (Java),src/backend/projetos/src/main/java/ifsc/edu/projetos/login/security/JwtAuthenticationFilter.java,65,0,12,53
Backend (Java),src/backend/projetos/src/main/java/ifsc/edu/projetos/login/security/JwtUtil.java,58,0,10,48
Backend (Java),src/backend/projetos/src/main/java/ifsc/edu/projetos/login/service/AuthService.java,33,0,7,26
Backend (Java),src/backend/projetos/src/main/java/ifsc/edu/projetos/login/service/CustomUserDetailsService.java,29,0,6,23
Backend (Java),src/backend/projetos/src/main/java/ifsc/edu/projetos/repositories/ProjetoRepository.java,7,0,2,5
Backend (Java),src/backend/projetos/src/main/java/ifsc/edu/projetos/services/ProjetoService.java,91,5,17,69
Frontend (CSS/HTML),src/frontend/index.html,13,1,0,12
Frontend (CSS/HTML),src/frontend/src/App.css,184,0,26,158
Frontend (JS/JSX),src/frontend/src/App.jsx,122,0,6,116
Frontend (CSS/HTML),src/frontend/src/components/Header/Header.css,53,0,7,46
Frontend (JS/JSX),src/frontend/src/components/Header/Header.jsx,20,0,2,18
Frontend (CSS/HTML),src/frontend/src/index.css,34,0,5,29
Frontend (JS/JSX),src/frontend/src/main.jsx,26,0,5,21
Frontend (JS/JSX),src/frontend/src/pages/Cadastro/Cadastro.jsx,116,0,16,100
Frontend (JS/JSX),src/frontend/src/pages/Login/Login.jsx,103,0,16,87
Frontend (CSS/HTML),src/frontend/src/pages/Submissao/Enviar.css,263,0,39,224
Frontend (JS/JSX),src/frontend/src/pages/Submissao/Enviar.jsx,338,0,40,298
